Richard,N,Darrow,5570 Isabella Ave,St. Louis,IL,58540
Warren,L,Darrow,4686 Mt. Lee Drive,St. Louis,NY,94935
Barack,G,Donnelly,7844 S. Greenwood Ave,Houston,CA,38635
Ann,Z,Benes,2447 S. Greenwood Ave,Las Vegas,NY,55366
Laura,S,Minella,8177 4th Street,Dallas,FL,04119
Erica,Z,Gates,3141 Farnam Street,Omaha,CA,57640
Warren,M,Williams,6670 S. Greenwood Ave,Hollywood,FL,37288
Harry,T,Darrow,3273 Isabella Ave,Houston,FL,97261
Steve,O,Darrow,8407 Infinite Loop Drive,Las Vegas,WA,90520
Erica,Z,Minella,513 S. Greenwood Ave,Miami,IL,12778
Richard,N,Darrow,5570 Isabella Ave,St. Louis,IL,58540
Warren,L,Darrow,4686 Mt. Lee Drive,St. Louis,NY,94935
Barack,G,Donnelly,7844 S. Greenwood Ave,Houston,CA,38635
Ann,Z,Benes,2447 S. Greenwood Ave,Las Vegas,NY,55366
Laura,S,Minella,8177 4th Street,Dallas,FL,04119
Erica,Z,Gates,3141 Farnam Street,Omaha,CA,57640
Warren,M,Williams,6670 S. Greenwood Ave,Hollywood,FL,37288
Harry,T,Darrow,3273 Isabella Ave,Houston,FL,97261
Steve,O,Darrow,8407 Infinite Loop Drive,Las Vegas,WA,90520
Erica,Z,Minella,513 S. Greenwood Ave,Miami,IL,12778
Richard,N,Darrow,5570 Isabella Ave,St. Louis,IL,58540
Warren,L,Darrow,4686 Mt. Lee Drive,St. Louis,NY,94935
Barack,G,Donnelly,7844 S. Greenwood Ave,Houston,CA,38635
Ann,Z,Benes,2447 S. Greenwood Ave,Las Vegas,NY,55366
Laura,S,Minella,8177 4th Street,Dallas,FL,04119
Erica,Z,Gates,3141 Farnam Street,Omaha,CA,57640
Warren,M,Williams,6670 S. Greenwood Ave,Hollywood,FL,37288
Harry,T,Darrow,3273 Isabella Ave,Houston,FL,97261
Steve,O,Darrow,8407 Infinite Loop Drive,Las Vegas,WA,90520
Erica,Z,Minella,513 S. Greenwood Ave,Miami,IL,12778
Richard,N,Darrow,5570 Isabella Ave,St. Louis,IL,58540
Warren,L,Darrow,4686 Mt. Lee Drive,St. Louis,NY,94935
Barack,G,Donnelly,7844 S. Greenwood Ave,Houston,CA,38635
Ann,Z,Benes,2447 S. Greenwood Ave,Las Vegas,NY,55366
Laura,S,Minella,8177 4th Street,Dallas,FL,04119
Erica,Z,Gates,3141 Farnam Street,Omaha,CA,57640
Warren,M,Williams,6670 S. Greenwood Ave,Hollywood,FL,37288
Harry,T,Darrow,3273 Isabella Ave,Houston,FL,97261
Steve,O,Darrow,8407 Infinite Loop Drive,Las Vegas,WA,90520
Erica,Z,Minella,513 S. Greenwood Ave,Miami,IL,12778
Richard,N,Darrow,5570 Isabella Ave,St. Louis,IL,58540
Warren,L,Darrow,4686 Mt. Lee Drive,St. Louis,NY,94935
Barack,G,Donnelly,7844 S. Greenwood Ave,Houston,CA,38635
Ann,Z,Benes,2447 S. Greenwood Ave,Las Vegas,NY,55366
Laura,S,Minella,8177 4th Street,Dallas,FL,04119
Erica,Z,Gates,3141 Farnam Street,Omaha,CA,57640
Warren,M,Williams,6670 S. Greenwood Ave,Hollywood,FL,37288
Harry,T,Darrow,3273 Isabella Ave,Houston,FL,97261
Steve,O,Darrow,8407 Infinite Loop Drive,Las Vegas,WA,90520
Erica,Z,Minella,513 S. Greenwood Ave,Miami,IL,12778
Richard,N,Darrow,5570 Isabella Ave,St. Louis,IL,58540
Warren,L,Darrow,4686 Mt. Lee Drive,St. Louis,NY,94935
Barack,G,Donnelly,7844 S. Greenwood Ave,Houston,CA,38635
Ann,Z,Benes,2447 S. Greenwood Ave,Las Vegas,NY,55366
Laura,S,Minella,8177 4th Street,Dallas,FL,04119
Erica,Z,Gates,3141 Farnam Street,Omaha,CA,57640
Warren,M,Williams,6670 S. Greenwood Ave,Hollywood,FL,37288
Harry,T,Darrow,3273 Isabella Ave,Houston,FL,97261
Steve,O,Darrow,8407 Infinite Loop Drive,Las Vegas,WA,90520
Erica,Z,Minella,513 S. Greenwood Ave,Miami,IL,12778
Richard,N,Darrow,5570 Isabella Ave,St. Louis,IL,58540
Warren,L,Darrow,4686 Mt. Lee Drive,St. Louis,NY,94935
Barack,G,Donnelly,7844 S. Greenwood Ave,Houston,CA,38635
Ann,Z,Benes,2447 S. Greenwood Ave,Las Vegas,NY,55366
Laura,S,Minella,8177 4th Street,Dallas,FL,04119
Erica,Z,Gates,3141 Farnam Street,Omaha,CA,57640
Warren,M,Williams,6670 S. Greenwood Ave,Hollywood,FL,37288
Harry,T,Darrow,3273 Isabella Ave,Houston,FL,97261
Steve,O,Darrow,8407 Infinite Loop Drive,Las Vegas,WA,90520
Erica,Z,Minella,513 S. Greenwood Ave,Miami,IL,12778
Richard,N,Darrow,5570 Isabella Ave,St. Louis,IL,58540
Warren,L,Darrow,4686 Mt. Lee Drive,St. Louis,NY,94935
Barack,G,Donnelly,7844 S. Greenwood Ave,Houston,CA,38635
Ann,Z,Benes,2447 S. Greenwood Ave,Las Vegas,NY,55366
Laura,S,Minella,8177 4th Street,Dallas,FL,04119
Erica,Z,Gates,3141 Farnam Street,Omaha,CA,57640
Warren,M,Williams,6670 S. Greenwood Ave,Hollywood,FL,37288
Harry,T,Darrow,3273 Isabella Ave,Houston,FL,97261
Steve,O,Darrow,8407 Infinite Loop Drive,Las Vegas,WA,90520
Erica,Z,Minella,513 S. Greenwood Ave,Miami,IL,12778
Richard,N,Darrow,5570 Isabella Ave,St. Louis,IL,58540
Warren,L,Darrow,4686 Mt. Lee Drive,St. Louis,NY,94935
Barack,G,Donnelly,7844 S. Greenwood Ave,Houston,CA,38635
Ann,Z,Benes,2447 S. Greenwood Ave,Las Vegas,NY,55366
Laura,S,Minella,8177 4th Street,Dallas,FL,04119
Erica,Z,Gates,3141 Farnam Street,Omaha,CA,57640
Warren,M,Williams,6670 S. Greenwood Ave,Hollywood,FL,37288
Harry,T,Darrow,3273 Isabella Ave,Houston,FL,97261
Steve,O,Darrow,8407 Infinite Loop Drive,Las Vegas,WA,90520
Erica,Z,Minella,513 S. Greenwood Ave,Miami,IL,12778
Richard,N,Darrow,5570 Isabella Ave,St. Louis,IL,58540
Warren,L,Darrow,4686 Mt. Lee Drive,St. Louis,NY,94935
Barack,G,Donnelly,7844 S. Greenwood Ave,Houston,CA,38635
Ann,Z,Benes,2447 S. Greenwood Ave,Las Vegas,NY,55366
Laura,S,Minella,8177 4th Street,Dallas,FL,04119
Erica,Z,Gates,3141 Farnam Street,Omaha,CA,57640
Warren,M,Williams,6670 S. Greenwood Ave,Hollywood,FL,37288
Harry,T,Darrow,3273 Isabella Ave,Houston,FL,97261
Steve,O,Darrow,8407 Infinite Loop Drive,Las Vegas,WA,90520
Erica,Z,Minella,513 S. Greenwood Ave,Miami,IL,12778
Richard,N,Darrow,5570 Isabella Ave,St. Louis,IL,58540
Warren,L,Darrow,4686 Mt. Lee Drive,St. Louis,NY,94935
Barack,G,Donnelly,7844 S. Greenwood Ave,Houston,CA,38635
Ann,Z,Benes,2447 S. Greenwood Ave,Las Vegas,NY,55366
Laura,S,Minella,8177 4th Street,Dallas,FL,04119
Erica,Z,Gates,3141 Farnam Street,Omaha,CA,57640
Warren,M,Williams,6670 S. Greenwood Ave,Hollywood,FL,37288
Harry,T,Darrow,3273 Isabella Ave,Houston,FL,97261
Steve,O,Darrow,8407 Infinite Loop Drive,Las Vegas,WA,90520
Erica,Z,Minella,513 S. Greenwood Ave,Miami,IL,12778
