Ava,Moore,756 Third,Madison,GA,24368
Sophia,White,737 Fifth,Madison,NE,55448
Daniel,Jones,3962 Main,Springfield,DE,43362
Madison,Williams,4390 Third,Clinton,NV,85682
Daniel,Wilson,9547 Main,Springfield,NH,07009
Anthony,Thompson,7674 Third,Madison,SD,46830
Abigail,Thompson,521 Fourth,Greenville,NC,70145
Abigail,Miller,5015 Sixth,Madison,MI,08159
Jayden,Miller,2976 Sixth,Greenville,HI,74604
Sophia,Jones,9177 Maple,Clinton,GA,23091
Mia,Smith,9066 Seventh,Madison,ID,60965
Jayden,Brown,8419 Seventh,Fairview,ID,63463
Alexander,Wilson,6430 Fifth,Salen,GA,71415
Isabella,Jones,9646 Fifth,Fairview,NC,65768
Olivia,Thompson,4515 Oak,Clinton,AL,15878
Daniel,Miller,1290 Main,Salen,DE,94200
Mia,Anderson,2039 Seventh,Salen,NV,39888
Michael,Brown,2627 Main,Clinton,MN,42783
William,Anderson,4776 Oak,Greenville,CA,78087
Michael,Thomas,381 Oak,Madison,AL,25351
Daniel,Miller,5435 Park,Salen,LA,55491
Madison,Davis,3795 Pine,Franklin,NE,08631
Abigail,Moore,8364 Maple,Fairview,IA,00738
Chloe,Davis,1264 Maple,Salen,ND,57196
Olivia,Smith,6021 Fifth,Fairview,MI,23003
Michael,Brown,9409 Seventh,Springfield,ND,79831
Madison,Harris,3441 Fifth,Madison,WA,81125
Sophia,Moore,2816 Second,Greenville,WI,98987
Abigail,Jackson,1218 Second,Clinton,OK,79324
Joshua,White,3849 Main,Fairview,CA,95400
Abigail,Thomas,6712 Oak,Madison,RI,30896
Emma,Thomas,7621 Sixth,Greenville,TN,64362
Jayden,Jones,8083 Fifth,Clinton,MD,95371
William,Harris,8756 Oak,Madison,FL,09514
Ava,Jackson,3995 Oak,Fairview,OH,34493
Jacob,Miller,8035 Fifth,Salen,CA,62217
Joshua,Thompson,224 Oak,Springfield,NM,66159
Abigail,Jackson,4008 Oak,Salen,NE,71097
Michael,Thompson,1792 Pine,Springfield,NE,05265
Abigail,Jackson,6968 Oak,Salen,OH,54822
Sophia,Moore,1751 Fifth,Greenville,TX,97231
Emily,Davis,2122 Seventh,Franklin,CO,23021
Noah,Miller,2680 Second,Fairview,NC,53516
Emma,Williams,8220 Main,Clinton,TN,26908
Alexander,Miller,7209 Second,Clinton,SD,72344
Abigail,Wilson,2075 Maple,Franklin,MD,75922
Emily,Jones,1379 Oak,Clinton,AK,27135
Michael,Jackson,435 Sixth,Madison,VA,32941
Abigail,Davis,7701 Pine,Franklin,CA,98869
Chloe,Thompson,661 Park,Madison,MA,59409
Noah,Davis,6318 Seventh,Franklin,VA,97339
Anthony,Thomas,7236 Park,Franklin,IA,30560
Emma,Moore,2452 Second,Clinton,TX,12336
Ethan,Anderson,5430 Fifth,Clinton,MT,65384
Chloe,Smith,2940 Main,Madison,NC,83869
Sophia,Brown,3651 Seventh,Salen,CA,48597
Jacob,Brown,4307 Seventh,Springfield,MO,80120
Chloe,Thompson,8373 Maple,Salen,SD,74867
Ava,Brown,8047 Seventh,Clinton,NC,41539
Jacob,Harris,5092 Third,Clinton,DC,75704
Isabella,Davis,7150 Seventh,Salen,TN,11570
Anthony,White,3358 Second,Clinton,MN,34041
Sophia,Thompson,6423 Maple,Madison,DC,32050
Isabella,Wilson,5201 Third,Springfield,MO,27730
Joshua,Smith,2532 Main,Madison,NH,60671
Anthony,Williams,299 Maple,Salen,NM,37487
Mia,Moore,6901 Sixth,Franklin,HI,34205
Sophia,Moore,1620 Second,Franklin,KY,38270
Ava,Thomas,1516 Second,Fairview,ND,08354
Emma,Brown,1415 Third,Madison,HI,12592
Isabella,Jones,2460 Seventh,Springfield,MA,05584
Michael,Smith,8462 Fourth,Franklin,LA,74860
Isabella,Jones,1694 Third,Fairview,CA,06723
Sophia,Jackson,9744 Sixth,Springfield,VA,70648
Michael,Thomas,3413 Pine,Franklin,DC,13829
Abigail,Brown,5131 Third,Franklin,CT,83375
Mia,Miller,6662 Fifth,Springfield,VT,64221
Ethan,Williams,6037 Third,Fairview,KS,29287
Abigail,Thomas,3217 Oak,Greenville,MO,03561
Anthony,Smith,1834 Seventh,Franklin,MO,94430
Jayden,Jackson,981 Third,Franklin,OH,31726
Ava,Wilson,9603 Maple,Fairview,NH,04086
Chloe,Miller,4938 Main,Springfield,WV,93443
Daniel,Thompson,8644 Second,Salen,ID,22719
Emma,Williams,4180 Third,Franklin,NC,17153
Mia,Thompson,2511 Pine,Springfield,NV,73644
Ava,Moore,7324 Second,Fairview,MI,68095
Chloe,Williams,9335 Third,Fairview,MO,14122
Anthony,Miller,2603 Sixth,Franklin,HI,08740
Anthony,Miller,1462 Pine,Fairview,NH,14916
Noah,Smith,842 Third,Fairview,FL,83567
Madison,Thompson,4516 Oak,Springfield,VT,87119
Emma,Jones,2862 Fifth,Greenville,FL,45237
Chloe,White,3237 Maple,Springfield,WI,48121
Mia,Anderson,9360 Second,Greenville,ND,46474
Anthony,Williams,8327 Second,Springfield,NY,43490
Joshua,Moore,8511 Fourth,Clinton,TX,87266
Isabella,Moore,9235 Main,Salen,OK,14562
Michael,Williams,512 Main,Springfield,WY,53918
Jacob,Jones,2250 Third,Franklin,MT,85508
